learning_rate,batch_size,RMSE
0.001,4,1.2819309750987384
0.001,8,1.280998112179082
0.01,4,1.3498908493280066
0.01,8,1.254151745112844
