K,MAE,MSE,RMSE,NRMSE
4,0.9626157283782959,1.7725032567977905,1.3313539186849568,0.2801457345485687
84,0.9459322094917297,1.6433470249176025,1.2819309750987384,0.2697460651397705
