Model,NRMSE,NRMSE (x10^-2)
ARIMA,0.027678851038217545,2.7678851038217545
XGBoost,0.006228152196854353,0.6228152196854353
