Model,MAE,MSE,RMSE,NRMSE
Baseline Model,0.6564755737781525,0.8480104982852936,0.917973236339002,0.1931614801287651
FM-GRU,0.6009483337402344,0.7140998899936676,0.8401624866979182,0.17678841352462768
